{"schemaVersion":"1.0","appDefinitionTemplate":{"id":"/providers/Microsoft.PowerApps/apps/","type":"Microsoft.PowerApps/apps","tags":{"primaryDeviceWidth":"1366","primaryDeviceHeight":"768","supportsPortrait":"true","supportsLandscape":"true","primaryFormFactor":"Tablet","publisherVersion":"3.23044.17","minimumRequiredApiVersion":"2.2.0","hasComponent":"false","hasUnlockedComponent":"false","isUnifiedRootApp":"false","sienaVersion":"20230511T200646Z-3.23044.17.0"},"properties":{"appVersion":"2023-05-11T20:06:46Z","lifeCycleId":"Published","createdByClientVersion":{"major":3,"minor":23044,"build":17,"revision":0,"majorRevision":0,"minorRevision":0},"minClientVersion":{"major":3,"minor":23044,"build":17,"revision":0,"majorRevision":0,"minorRevision":0},"backgroundColor":"rgba(100, 118, 132, 1)","backgroundImageUri":"/2290911924467740113/Nc2908a92-eaaa-49ae-93cf-178400a68f7d-logoSmallFile","displayName":"Power App using local storage","description":"","commitMessage":"","appUris":{"documentUri":{"value":"/2290911924467740113/N7b731e4a-4a30-4401-92c7-fd334588902e-document.msapp"},"imageUris":[],"additionalUris":[]},"createdTime":"0001-01-01T00:00:00Z","lastModifiedTime":"0001-01-01T00:00:00Z","sharedGroupsCount":0,"sharedUsersCount":0,"connectionReferences":{},"databaseReferences":{},"almMode":"Environment","performanceOptimizationEnabled":true,"canConsumeAppPass":true,"enableModernRuntimeMode":false,"executionRestrictions":{"isTeamsOnly":false,"dataLossPreventionEvaluationResult":{"status":"Compliant","lastEvaluationDate":"2023-03-29T20:47:39.1951226Z","violations":[],"violationsByPolicy":[],"violationErrorMessage":"The app uses the following connectors: ."}}},"appType":"ClassicCanvasApp","appComponents":[]}}